Nome;Cor;Tamanho;Preco;Estoque
Vestido Luísa;Verde;PP;229.9;6
Vestido Luísa;Verde;P;229.9;4
Vestido Luísa;Verde;M;229.9;11
Vestido Luísa;Verde;G;229.9;2
Vestido Luísa;Verde;GG;229.9;0
Vestido Luísa;Fúcsia;PP;229.9;6
Vestido Luísa;Fúcsia;P;229.9;7
Vestido Luísa;Fúcsia;M;229.9;10
Vestido Luísa;Fúcsia;G;229.9;9
Vestido Luísa;Fúcsia;GG;229.9;3
Vestido Luísa;Vermelho;PP;229.9;3
Vestido Luísa;Vermelho;P;229.9;11
Vestido Luísa;Vermelho;M;229.9;9
Vestido Luísa;Vermelho;G;229.9;0
Vestido Luísa;Vermelho;GG;229.9;1
Vestido Luísa;Azul;PP;229.9;4
Vestido Luísa;Azul;P;229.9;9
Vestido Luísa;Azul;M;229.9;6
Vestido Luísa;Azul;G;229.9;0
Vestido Luísa;Azul;GG;229.9;0
Vestido Luísa;Rosa;PP;229.9;7
Vestido Luísa;Rosa;P;229.9;10
Vestido Luísa;Rosa;M;229.9;11
Vestido Luísa;Rosa;G;229.9;6
Vestido Luísa;Rosa;GG;229.9;4
Vestido Luísa;Branco;PP;229.9;7
Vestido Luísa;Branco;P;229.9;10
Vestido Luísa;Branco;M;229.9;14
Vestido Luísa;Branco;G;229.9;10
Vestido Luísa;Branco;GG;229.9;2
Vestido Luísa;Vermelho;PP;179;2
Vestido Luísa;Vermelho;P;179;2
Vestido Luísa;Vermelho;M;179;3
Vestido Luísa;Vermelho;G;179;2
Vestido Luísa;Vermelho;GG;179;4
Vestido Luísa;Verde;PP;179;0
Vestido Luísa;Verde;P;179;0
Vestido Luísa;Verde;M;179;4
Vestido Luísa;Verde;G;179;3
Vestido Luísa;Verde;GG;179;2
Vestido Luísa;Preto;PP;179;2
Vestido Luísa;Preto;P;179;1
Vestido Luísa;Preto;M;179;4
Vestido Luísa;Preto;G;179;3
Vestido Luísa;Preto;GG;179;2
Vestido Luísa;Azul;PP;179;0
Vestido Luísa;Azul;P;179;0
Vestido Luísa;Azul;M;179;0
Vestido Luísa;Azul;G;179;0
Vestido Luísa;Azul;GG;179;1
Vestido Maya;Vermelho;PP;219.9;0
Vestido Maya;Vermelho;P;219.9;2
Vestido Maya;Vermelho;M;219.9;1
Vestido Maya;Vermelho;G;219.9;0
Vestido Maya;Vermelho;GG;219.9;0
Vestido Maya;Off white;PP;219.9;1
Vestido Maya;Off white;P;219.9;1
Vestido Maya;Off white;M;219.9;2
Vestido Maya;Off white;G;219.9;0
Vestido Maya;Off white;GG;219.9;2
Vestido Maya;Verde;PP;219.9;1
Vestido Maya;Verde;P;219.9;2
Vestido Maya;Verde;M;219.9;1
Vestido Maya;Verde;G;219.9;2
Vestido Maya;Verde;GG;219.9;2
Vestido Maya;Preto;PP;219.9;2
Vestido Maya;Preto;P;219.9;2
Vestido Maya;Preto;M;219.9;2
Vestido Maya;Preto;G;219.9;0
Vestido Maya;Preto;GG;219.9;2
Vestido Pamela;Onça;PP;159.9;18
Vestido Pamela;Onça;P;159.9;22
Vestido Pamela;Onça;M;159.9;15
Vestido Pamela;Onça;G;159.9;13
Vestido Pamela;Onça;GG;159.9;12
Vestido Malu;Preto;PP;179.9;0
Vestido Malu;Preto;P;179.9;0
Vestido Malu;Preto;M;179.9;0
Vestido Malu;Preto;G;179.9;0
Vestido Malu;Preto;GG;179.9;0
Vestido Malu;Branco;PP;179.9;1
Vestido Malu;Branco;P;179.9;1
Vestido Malu;Branco;M;179.9;0
Vestido Malu;Branco;G;179.9;0
Vestido Malu;Branco;GG;179.9;0
Vestido Malu;Pink;PP;179.9;0
Vestido Malu;Pink;P;179.9;0
Vestido Malu;Pink;M;179.9;0
Vestido Malu;Pink;G;179.9;0
Vestido Malu;Pink;GG;179.9;0
Body Premium Maju;Preto;PP;89.9;20
Body Premium Maju;Preto;P;89.9;9
Body Premium Maju;Preto;M;89.9;9
Body Premium Maju;Preto;G;89.9;13
Body Premium Maju;Preto;GG;89.9;15
Body Premium Maju;Bege;PP;89.9;18
Body Premium Maju;Bege;P;89.9;18
Body Premium Maju;Bege;M;89.9;17
Body Premium Maju;Bege;G;89.9;14
Body Premium Maju;Bege;GG;89.9;18
Saia Cargo;Off white;PP;129.9;3
Saia Cargo;Off white;P;129.9;2
Saia Cargo;Off white;M;129.9;0
Saia Cargo;Off white;G;129.9;2
Saia Cargo;Off white;GG;129.9;4
Saia Cargo;Preto;PP;129.9;13
Saia Cargo;Preto;P;129.9;12
Saia Cargo;Preto;M;129.9;11
Saia Cargo;Preto;G;129.9;8
Saia Cargo;Preto;GG;129.9;14
Vestido Marina (Defeito);Laranja;PP;50;0
Jaqueta Daily (Últimas em Estoque);Cru;PP;70;0
Jaqueta Daily (Últimas em Estoque);Verde;PP;70;6
Jaqueta Daily (Últimas em Estoque);Cru;P;70;0
Jaqueta Daily (Últimas em Estoque);Verde;P;70;5
Jaqueta Daily (Últimas em Estoque);Cru;M;70;0
Jaqueta Daily (Últimas em Estoque);Verde;M;70;2
Jaqueta Daily (Últimas em Estoque);Cru;G;70;0
Jaqueta Daily (Últimas em Estoque);Verde;G;70;0
Jaqueta Daily (Últimas em Estoque);Cru;GG;70;0
Jaqueta Daily (Últimas em Estoque);Verde;GG;70;1
Saia Maísa (Defeito);Preto;PP;50;0
Saia Maísa (Defeito);Pink;PP;50;0
Saia Maísa (Defeito);Onça;PP;50;0
Saia Maísa (Defeito);Preto;P;50;0
Saia Maísa (Defeito);Pink;P;50;0
Saia Maísa (Defeito);Onça;P;50;0
Saia Maísa (Defeito);Preto;M;50;0
Saia Maísa (Defeito);Pink;M;50;0
Saia Maísa (Defeito);Onça;M;50;0
Saia Maísa (Defeito);Preto;G;50;0
Saia Maísa (Defeito);Pink;G;50;0
Saia Maísa (Defeito);Onça;G;50;0
Saia Maísa (Defeito);Preto;GG;50;0
Saia Maísa (Defeito);Pink;GG;50;0
Saia Maísa (Defeito);Onça;GG;50;0
T-shirt Love;Sem Cor;PP;39.9;0
T-shirt Love;Sem Cor;P;39.9;2
T-shirt Love;Sem Cor;M;39.9;1
T-shirt Love;Sem Cor;G;39.9;1
T-shirt Love;Sem Cor;GG;39.9;0
T-shirt Dreams;Sem Cor;PP;39.9;6
T-shirt Dreams;Sem Cor;P;39.9;8
T-shirt Dreams;Sem Cor;M;39.9;2
T-shirt Dreams;Sem Cor;G;39.9;4
T-shirt Dreams;Sem Cor;GG;39.9;1
Vestido Camila;Vermelho;PP;219.9;10
Vestido Camila;Vermelho;P;219.9;13
Vestido Camila;Vermelho;M;219.9;12
Vestido Camila;Vermelho;G;219.9;7
Vestido Camila;Vermelho;GG;219.9;16
Vestido Camila;Roxo;PP;219.9;30
Vestido Camila;Roxo;P;219.9;23
Vestido Camila;Roxo;M;219.9;30
Vestido Camila;Roxo;G;219.9;25
Vestido Camila;Roxo;GG;219.9;26
Vestido Camila;Off white;PP;219.9;12
Vestido Camila;Off white;P;219.9;9
Vestido Camila;Off white;M;219.9;12
Vestido Camila;Off white;G;219.9;9
Vestido Camila;Off white;GG;219.9;12
Vestido Camila;Preto;PP;219.9;10
Vestido Camila;Preto;P;219.9;6
Vestido Camila;Preto;M;219.9;13
Vestido Camila;Preto;G;219.9;3
Vestido Camila;Preto;GG;219.9;6
Vestido Camila;Verde bandeira;PP;219.9;5
Vestido Camila;Verde bandeira;P;219.9;0
Vestido Camila;Verde bandeira;M;219.9;1
Vestido Camila;Verde bandeira;G;219.9;0
Vestido Camila;Verde bandeira;GG;219.9;1
Vestido Camila;Azul claro;PP;219.9;0
Vestido Camila;Azul claro;P;219.9;0
Vestido Camila;Azul claro;M;219.9;0
Vestido Camila;Azul claro;G;219.9;0
Vestido Camila;Azul claro;GG;219.9;0
Vestido Pamela Azul;Azul claro;PP;149.9;0
Vestido Pamela Azul;Azul claro;P;149.9;0
Vestido Pamela Azul;Azul claro;M;149.9;0
Vestido Pamela Azul;Azul claro;G;149.9;0
Vestido Pamela Azul;Azul claro;GG;149.9;0
Jaqueta Jeans Daily;Jeans Escuro;PP;159.9;4
Jaqueta Jeans Daily;Jeans Escuro;P;159.9;1
Jaqueta Jeans Daily;Jeans Escuro;M;159.9;0
Jaqueta Jeans Daily;Jeans Escuro;G;159.9;0
Jaqueta Jeans Daily;Jeans Escuro;GG;159.9;1
Jaqueta Daily;Preto;PP;159.9;0
Jaqueta Daily;Cru;PP;159.9;0
Jaqueta Daily;Verde;PP;159.9;0
Jaqueta Daily;Preto;P;159.9;0
Jaqueta Daily;Cru;P;159.9;0
Jaqueta Daily;Verde;P;159.9;0
Jaqueta Daily;Preto;M;159.9;0
Jaqueta Daily;Cru;M;159.9;0
Jaqueta Daily;Verde;M;159.9;0
Jaqueta Daily;Preto;G;159.9;0
Jaqueta Daily;Cru;G;159.9;0
Jaqueta Daily;Verde;G;159.9;0
Jaqueta Daily;Preto;GG;159.9;0
Jaqueta Daily;Cru;GG;159.9;0
Jaqueta Daily;Verde;GG;159.9;0
Vestido Pamela Manga Longa;Onça;PP;169.9;0
Vestido Pamela Manga Longa;Poá Preto;PP;169.9;0
Vestido Pamela Manga Longa;Preto;PP;169.9;0
Vestido Pamela Manga Longa;Terra cota;PP;169.9;0
Vestido Pamela Manga Longa;Branco;PP;169.9;0
Vestido Pamela Manga Longa;Café;PP;169.9;0
Vestido Pamela Manga Longa;Onça;P;169.9;0
Vestido Pamela Manga Longa;Poá Preto;P;169.9;0
Vestido Pamela Manga Longa;Preto;P;169.9;0
Vestido Pamela Manga Longa;Terra cota;P;169.9;0
Vestido Pamela Manga Longa;Branco;P;169.9;0
Vestido Pamela Manga Longa;Café;P;169.9;0
Vestido Pamela Manga Longa;Onça;M;169.9;0
Vestido Pamela Manga Longa;Poá Preto;M;169.9;0
Vestido Pamela Manga Longa;Preto;M;169.9;0
Vestido Pamela Manga Longa;Terra cota;M;169.9;0
Vestido Pamela Manga Longa;Branco;M;169.9;0
Vestido Pamela Manga Longa;Café;M;169.9;0
Vestido Pamela Manga Longa;Onça;G;169.9;0
Vestido Pamela Manga Longa;Poá Preto;G;169.9;0
Vestido Pamela Manga Longa;Preto;G;169.9;0
Vestido Pamela Manga Longa;Terra cota;G;169.9;0
Vestido Pamela Manga Longa;Branco;G;169.9;0
Vestido Pamela Manga Longa;Café;G;169.9;0
Vestido Pamela Manga Longa;Onça;GG;169.9;0
Vestido Pamela Manga Longa;Poá Preto;GG;169.9;0
Vestido Pamela Manga Longa;Preto;GG;169.9;0
Vestido Pamela Manga Longa;Terra cota;GG;169.9;0
Vestido Pamela Manga Longa;Branco;GG;169.9;5
Vestido Pamela Manga Longa;Café;GG;169.9;0
Vestido Carolla Manga Longa (ULTIMAS PEÇAS);Mostarda;PP;70;0
Vestido Carolla Manga Longa (ULTIMAS PEÇAS);Preto;PP;70;0
Vestido Carolla Manga Longa (ULTIMAS PEÇAS);Marrom;PP;70;0
Vestido Carolla Manga Longa (ULTIMAS PEÇAS);Verde musgo;PP;70;0
Vestido Carolla Manga Longa (ULTIMAS PEÇAS);Mostarda;P;70;0
Vestido Carolla Manga Longa (ULTIMAS PEÇAS);Preto;P;70;0
Vestido Carolla Manga Longa (ULTIMAS PEÇAS);Marrom;P;70;0
Vestido Carolla Manga Longa (ULTIMAS PEÇAS);Verde musgo;P;70;0
Vestido Carolla Manga Longa (ULTIMAS PEÇAS);Mostarda;M;70;0
Vestido Carolla Manga Longa (ULTIMAS PEÇAS);Preto;M;70;0
Vestido Carolla Manga Longa (ULTIMAS PEÇAS);Marrom;M;70;0
Vestido Carolla Manga Longa (ULTIMAS PEÇAS);Verde musgo;M;70;0
Vestido Carolla Manga Longa (ULTIMAS PEÇAS);Mostarda;G;70;0
Vestido Carolla Manga Longa (ULTIMAS PEÇAS);Preto;G;70;0
Vestido Carolla Manga Longa (ULTIMAS PEÇAS);Marrom;G;70;0
Vestido Carolla Manga Longa (ULTIMAS PEÇAS);Verde musgo;G;70;0
Vestido Carolla Manga Longa (ULTIMAS PEÇAS);Mostarda;GG;70;1
Vestido Carolla Manga Longa (ULTIMAS PEÇAS);Preto;GG;70;0
Vestido Carolla Manga Longa (ULTIMAS PEÇAS);Marrom;GG;70;0
Vestido Carolla Manga Longa (ULTIMAS PEÇAS);Verde musgo;GG;70;0
Saia Tule Helo;Azul;PP;129.9;4
Saia Tule Helo;Azul;P;129.9;0
Saia Tule Helo;Azul;M;129.9;3
Saia Tule Helo;Azul;G;129.9;1
Saia Tule Helo;Azul;GG;129.9;4
Saia Tule Helo;Preto;PP;129.9;4
Saia Tule Helo;Preto;P;129.9;0
Saia Tule Helo;Preto;M;129.9;0
Saia Tule Helo;Preto;G;129.9;0
Saia Tule Helo;Preto;GG;129.9;9
Saia Tule Helo;Branco;PP;129.9;3
Saia Tule Helo;Branco;P;129.9;1
Saia Tule Helo;Branco;M;129.9;1
Saia Tule Helo;Branco;G;129.9;0
Saia Tule Helo;Branco;GG;129.9;2
Vestido Canelado Babi Manga Longa;Preto;PP;139.9;0
Vestido Canelado Babi Manga Longa;Preto;P;139.9;0
Vestido Canelado Babi Manga Longa;Preto;M;139.9;0
Vestido Canelado Babi Manga Longa;Preto;G;139.9;6
Vestido Canelado Babi Manga Longa;Preto;GG;139.9;7
Vestido Canelado Babi Manga Longa;Verde;PP;139.9;4
Vestido Canelado Babi Manga Longa;Verde;P;139.9;0
Vestido Canelado Babi Manga Longa;Verde;M;139.9;0
Vestido Canelado Babi Manga Longa;Verde;G;139.9;0
Vestido Canelado Babi Manga Longa;Verde;GG;139.9;1
Vestido Canelado Babi Manga Longa;Bege;PP;139.9;0
Vestido Canelado Babi Manga Longa;Bege;P;139.9;0
Vestido Canelado Babi Manga Longa;Bege;M;139.9;0
Vestido Canelado Babi Manga Longa;Bege;G;139.9;3
Vestido Canelado Babi Manga Longa;Bege;GG;139.9;7
Vestido Canelado Babi Manga Longa;Roxo;PP;139.9;5
Vestido Canelado Babi Manga Longa;Roxo;P;139.9;5
Vestido Canelado Babi Manga Longa;Roxo;M;139.9;2
Vestido Canelado Babi Manga Longa;Roxo;G;139.9;6
Vestido Canelado Babi Manga Longa;Roxo;GG;139.9;7
Vestido Pamela Verde Militar;Verde militar;PP;149.9;0
Vestido Pamela Verde Militar;Verde militar;P;149.9;0
Vestido Pamela Verde Militar;Verde militar;M;149.9;0
Vestido Pamela Verde Militar;Verde militar;G;149.9;0
Vestido Pamela Verde Militar;Verde militar;GG;149.9;0
Vestido Pamela Marsala;Marsala;PP;149.9;8
Vestido Pamela Marsala;Marsala;P;149.9;1
Vestido Pamela Marsala;Marsala;M;149.9;0
Vestido Pamela Marsala;Marsala;G;149.9;0
Vestido Pamela Marsala;Marsala;GG;149.9;0
Vestido Clara;Azul;PP;179.9;0
Vestido Clara;Preto;PP;179.9;4
Vestido Clara;Azul;P;179.9;0
Vestido Clara;Preto;P;179.9;0
Vestido Clara;Azul;M;179.9;0
Vestido Clara;Preto;M;179.9;0
Vestido Clara;Azul;G;179.9;0
Vestido Clara;Preto;G;179.9;0
Vestido Clara;Azul;GG;179.9;0
Vestido Clara;Preto;GG;179.9;1
Conjunto Bárbara (ULTIMAS PEÇAS);Terra cota;PP;100;0
Conjunto Bárbara (ULTIMAS PEÇAS);Terra cota;P;100;0
Conjunto Bárbara (ULTIMAS PEÇAS);Terra cota;M;100;0
Conjunto Bárbara (ULTIMAS PEÇAS);Terra cota;G;100;0
Conjunto Bárbara (ULTIMAS PEÇAS);Terra cota;GG;100;5
Conjunto Bárbara (ULTIMAS PEÇAS);Preto;PP;100;0
Conjunto Bárbara (ULTIMAS PEÇAS);Preto;P;100;0
Conjunto Bárbara (ULTIMAS PEÇAS);Preto;M;100;0
Conjunto Bárbara (ULTIMAS PEÇAS);Preto;G;100;0
Conjunto Bárbara (ULTIMAS PEÇAS);Preto;GG;100;0
Conjunto Bárbara (ULTIMAS PEÇAS);Verde;PP;100;3
Conjunto Bárbara (ULTIMAS PEÇAS);Verde;P;100;0
Conjunto Bárbara (ULTIMAS PEÇAS);Verde;M;100;0
Conjunto Bárbara (ULTIMAS PEÇAS);Verde;G;100;0
Conjunto Bárbara (ULTIMAS PEÇAS);Verde;GG;100;5
Vestido Lari Linho;Cru;PP;179;3
Vestido Lari Linho;Cru;P;179.9;0
Vestido Lari Linho;Cru;M;179.9;0
Vestido Lari Linho;Cru;G;179.9;4
Vestido Lari Linho;Cru;GG;179.9;10
Vestido Lari Linho;Preto;PP;179.9;0
Vestido Lari Linho;Preto;P;179.9;0
Vestido Lari Linho;Preto;M;179.9;0
Vestido Lari Linho;Preto;G;179.9;0
Vestido Lari Linho;Preto;GG;179.9;0
Vestido Lari Linho;Lilás;PP;179.9;0
Vestido Lari Linho;Lilás;P;179.9;0
Vestido Lari Linho;Lilás;M;179.9;0
Vestido Lari Linho;Lilás;G;179.9;0
Vestido Lari Linho;Lilás;GG;179.9;0
Vestido Pamela;Verde bandeira;PP;149.9;0
Vestido Pamela;Verde bandeira;P;149.9;0
Vestido Pamela;Verde bandeira;M;149.9;0
Vestido Pamela;Verde bandeira;G;149.9;0
Vestido Pamela;Verde bandeira;GG;149.9;0
Vestido Eliza Mídi;Verde militar;PP;199.9;13
Vestido Eliza Mídi;Verde militar;P;199.9;0
Vestido Eliza Mídi;Verde militar;M;199.9;3
Vestido Eliza Mídi;Verde militar;G;199.9;0
Vestido Eliza Mídi;Verde militar;GG;199.9;3
Vestido Eliza Mídi;Laranja;PP;199.9;6
Vestido Eliza Mídi;Laranja;P;199.9;1
Vestido Eliza Mídi;Laranja;M;199.9;9
Vestido Eliza Mídi;Laranja;G;199.9;0
Vestido Eliza Mídi;Laranja;GG;199.9;8
Vestido Eliza Mídi;Linho Cru;PP;199.9;0
Vestido Eliza Mídi;Linho Cru;P;199.9;0
Vestido Eliza Mídi;Linho Cru;M;199.9;3
Vestido Eliza Mídi;Linho Cru;G;199.9;4
Vestido Eliza Mídi;Linho Cru;GG;199.9;5
Vestido Eliza Mídi;Pink;PP;199.9;1
Vestido Eliza Mídi;Pink;P;199.9;0
Vestido Eliza Mídi;Pink;M;199.9;2
Vestido Eliza Mídi;Pink;G;199.9;1
Vestido Eliza Mídi;Pink;GG;199.9;3
Vestido Eliza Mídi;Preto;PP;199.9;0
Vestido Eliza Mídi;Preto;P;199.9;0
Vestido Eliza Mídi;Preto;M;199.9;0
Vestido Eliza Mídi;Preto;G;199.9;0
Vestido Eliza Mídi;Preto;GG;199.9;0
Vestido Eliza Mídi;Lilás;PP;199.9;0
Vestido Eliza Mídi;Lilás;P;199.9;0
Vestido Eliza Mídi;Lilás;M;199.9;0
Vestido Eliza Mídi;Lilás;G;199.9;0
Vestido Eliza Mídi;Lilás;GG;199.9;0
Vestido Eliza Longo Verde;Verde;PP;199.9;0
Vestido Eliza Longo Verde;Verde;P;199.9;0
Vestido Eliza Longo Verde;Verde;M;199.9;0
Vestido Eliza Longo Verde;Verde;G;199.9;0
Vestido Eliza Longo Verde;Verde;GG;199.9;0
Vestido Longo Eliza Pink;Pink;PP;199.9;1
Vestido Longo Eliza Pink;Pink;P;199.9;0
Vestido Longo Eliza Pink;Pink;M;199.9;0
Vestido Longo Eliza Pink;Pink;G;199.9;0
Vestido Longo Eliza Pink;Pink;GG;199.9;0
Vestido Lari Xadrez;Verde;PP;179.9;0
Vestido Lari Xadrez;Verde;P;179.9;0
Vestido Lari Xadrez;Verde;M;179.9;0
Vestido Lari Xadrez;Verde;G;179.9;1
Vestido Lari Xadrez;Verde;GG;179.9;1
Vestido Lari Xadrez;Preto;PP;179.9;1
Vestido Lari Xadrez;Preto;P;179.9;0
Vestido Lari Xadrez;Preto;M;179.9;0
Vestido Lari Xadrez;Preto;G;179.9;0
Vestido Lari Xadrez;Preto;GG;179.9;3
Vestido Lari Xadrez;Lavanda;PP;179.9;0
Vestido Lari Xadrez;Lavanda;P;179.9;0
Vestido Lari Xadrez;Lavanda;M;179.9;0
Vestido Lari Xadrez;Lavanda;G;179.9;0
Vestido Lari Xadrez;Lavanda;GG;179.9;0
Vestido Lari Xadrez;Azul;PP;179.9;0
Vestido Lari Xadrez;Azul;P;179.9;0
Vestido Lari Xadrez;Azul;M;179.9;0
Vestido Lari Xadrez;Azul;G;179.9;0
Vestido Lari Xadrez;Azul;GG;179.9;3
Vestido Lari Xadrez;Rosa;PP;179.9;0
Vestido Lari Xadrez;Rosa;P;179.9;0
Vestido Lari Xadrez;Rosa;M;179.9;0
Vestido Lari Xadrez;Rosa;G;179.9;0
Vestido Lari Xadrez;Rosa;GG;179.9;0
Vestido Pamela;Branco;PP;149.9;2
Vestido Pamela;Branco;P;149.9;1
Vestido Pamela;Branco;M;149.9;6
Vestido Pamela;Branco;G;149.9;1
Vestido Pamela;Branco;GG;149.9;5
Vestido Laura;Roxo;PP;199.9;0
Vestido Laura;Roxo;P;199.9;0
Vestido Laura;Roxo;M;199.9;0
Vestido Laura;Roxo;G;199.9;0
Vestido Laura;Roxo;GG;199.9;0
Vestido Laura;Vermelho;PP;199.9;10
Vestido Laura;Vermelho;P;199.9;11
Vestido Laura;Vermelho;M;199.9;7
Vestido Laura;Vermelho;G;199.9;6
Vestido Laura;Vermelho;GG;199.9;9
Vestido Thaísa;Verde;PP;189.9;0
Vestido Thaísa;Lilás;PP;189.9;0
Vestido Thaísa;Vermelho;PP;189.9;0
Vestido Thaísa;Verde;P;189.9;0
Vestido Thaísa;Lilás;P;189.9;0
Vestido Thaísa;Vermelho;P;189.9;0
Vestido Thaísa;Verde;M;189.9;0
Vestido Thaísa;Lilás;M;189.9;0
Vestido Thaísa;Vermelho;M;189.9;0
Vestido Thaísa;Verde;G;189.9;0
Vestido Thaísa;Lilás;G;179.9;0
Vestido Thaísa;Vermelho;G;179.9;0
Vestido Thaísa;Verde;GG;179.9;0
Vestido Thaísa;Lilás;GG;179.9;0
Vestido Thaísa;Vermelho;GG;179.9;0
Vestido Carolla;Vermelho;P;179.9;0
Vestido Carolla;Vermelho;M;179.9;0
Vestido Carolla;Vermelho;G;179.9;0
Vestido Carolla;Vermelho;GG;179.9;0
Vestido Carolla;Vermelho;PP;179.9;0
Vestido Laura;Azul Petróleo;PP;199.9;7
Vestido Laura;Azul Petróleo;P;199.9;5
Vestido Laura;Azul Petróleo;M;199.9;3
Vestido Laura;Azul Petróleo;G;199.9;7
Vestido Laura;Azul Petróleo;GG;199.9;8
Vestido Pamela;Pink;PP;149.9;24
Vestido Pamela;Pink;P;149.9;0
Vestido Pamela;Pink;M;149.9;1
Vestido Pamela;Pink;G;149.9;0
Vestido Pamela;Pink;GG;149.9;5
Vestido Duda;Lilas;PP;179.9;0
Vestido Duda;Lilas;P;179.9;0
Vestido Duda;Lilas;M;179.9;0
Vestido Duda;Lilas;G;179.9;0
Vestido Duda;Lilas;GG;179.9;0
Vestido Duda;Verde Menta;PP;179.9;0
Vestido Duda;Verde Menta;P;179.9;0
Vestido Duda;Verde Menta;M;179.9;0
Vestido Duda;Verde Menta;G;179.9;0
Vestido Duda;Verde Menta;GG;179.9;0
Vestido Botões;Pink;PP;159.9;0
Vestido Botões;Pink;P;159.9;0
Vestido Botões;Pink;M;159.9;0
Vestido Botões;Pink;G;159.9;0
Vestido Botões;Pink;GG;159.9;0
Vestido Jade;Azul;P;159.9;0
Vestido Jade;Azul;M;159.9;0
Vestido Jade;Azul;G;159.9;0
Vestido Jade;Azul;GG;159.9;0
Vestido Jade;Azul;PP;159.9;0
Vestido Jade;Verde;P;159.9;0
Vestido Jade;Verde;M;159.9;0
Vestido Jade;Verde;G;159.9;0
Vestido Jade;Verde;GG;159.9;0
Vestido Jade;Verde;PP;159.9;1
Vestido Jade;Amarelo;P;159.9;0
Vestido Jade;Amarelo;M;159.9;0
Vestido Jade;Amarelo;G;159.9;0
Vestido Jade;Amarelo;GG;159.9;0
Vestido Jade;Amarelo;PP;159.9;0
Vestido Jade;Pink;P;159.9;0
Vestido Jade;Pink;M;159.9;0
Vestido Jade;Pink;G;159.9;0
Vestido Jade;Pink;GG;159.9;0
Vestido Jade;Pink;PP;159.9;1
Vestido Pamela;Verde bandeira;PP;149.9;0
Vestido Pamela;Verde bandeira;P;149.9;0
Vestido Pamela;Verde bandeira;M;149.9;0
Vestido Pamela;Verde bandeira;G;149.9;0
Vestido Pamela;Verde bandeira;GG;149.9;0
Vestido Pamela;Terra cota;PP;149.9;13
Vestido Pamela;Terra cota;P;149.9;0
Vestido Pamela;Terra cota;M;149.9;0
Vestido Pamela;Terra cota;G;149.9;0
Vestido Pamela;Terra cota;GG;149.9;1
Vestido Pamela;Preto;PP;149.9;43
Vestido Pamela;Preto;P;149.9;0
Vestido Pamela;Preto;M;149.9;0
Vestido Pamela;Preto;G;149.9;0
Vestido Pamela;Preto;GG;149.9;0
Vestido Canelado Babi;Marrom;PP;99.9;4
Vestido Canelado Babi;Marrom;P;99.9;0
Vestido Canelado Babi;Marrom;M;99.9;1
Vestido Canelado Babi;Marrom;G;99.9;0
Vestido Canelado Babi;Marrom;GG;99.9;7
Vestido Canelado Babi;Rosa;PP;99.9;1
Vestido Canelado Babi;Rosa;P;99.9;0
Vestido Canelado Babi;Rosa;M;99.9;0
Vestido Canelado Babi;Rosa;G;99.9;0
Vestido Canelado Babi;Rosa;GG;99.9;0
Vestido Canelado Babi;Preto;PP;99.9;10
Vestido Canelado Babi;Preto;P;99.9;2
Vestido Canelado Babi;Preto;M;99.9;0
Vestido Canelado Babi;Preto;G;99.9;0
Vestido Canelado Babi;Preto;GG;99.9;2
Vestido Canelado Babi;Verde militar;PP;99.9;0
Vestido Canelado Babi;Verde militar;P;99.9;0
Vestido Canelado Babi;Verde militar;M;99.9;0
Vestido Canelado Babi;Verde militar;G;99.9;0
Vestido Canelado Babi;Verde militar;GG;99.9;0
Chemise Tati;Sem Cor;PP;179.9;0
Chemise Tati;Sem Cor;P;179.9;0
Chemise Tati;Sem Cor;M;179.9;0
Chemise Tati;Sem Cor;G;179.9;0
Chemise Tati;Sem Cor;GG;179.9;0
Vestido Beatriz;Pink;PP;159.9;0
Vestido Beatriz;Pink;P;159.9;0
Vestido Beatriz;Pink;M;159.9;0
Vestido Beatriz;Pink;G;159.9;0
Vestido Beatriz;Pink;GG;159.9;0
Vestido Beatriz;Verde bandeira;PP;159.9;0
Vestido Beatriz;Verde bandeira;P;159.9;0
Vestido Beatriz;Verde bandeira;M;159.9;0
Vestido Beatriz;Verde bandeira;G;159.9;0
Vestido Beatriz;Verde bandeira;GG;159.9;0
Vestido Beatriz;Azul claro;PP;159.9;0
Vestido Beatriz;Azul claro;P;159.9;0
Vestido Beatriz;Azul claro;M;159.9;0
Vestido Beatriz;Azul claro;G;159.9;0
Vestido Beatriz;Azul claro;GG;159.9;0
Vestido Beatriz;Terra cota;PP;159.9;0
Vestido Beatriz;Terra cota;P;159.9;0
Vestido Beatriz;Terra cota;M;159.9;0
Vestido Beatriz;Terra cota;G;159.9;0
Vestido Beatriz;Terra cota;GG;159.9;0
Casaco Suzi;Sem Cor;Sem Tamanho;99.9;0
Vestido Botões;Preto;PP;159.9;0
Vestido Botões;Preto;P;159.9;0
Vestido Botões;Preto;M;159.9;0
Vestido Botões;Preto;G;159.9;0
Vestido Botões;Preto;GG;159.9;0
Jardineira Ana Elisa;Preto;PP;219.9;0
Jardineira Ana Elisa;Preto;P;219.9;0
Jardineira Ana Elisa;Preto;M;219.9;0
Jardineira Ana Elisa;Preto;G;219.9;0
Jardineira Ana Elisa;Preto;GG;219.9;1
Jardineira Ana Elisa;Verde;PP;219.9;0
Jardineira Ana Elisa;Verde;P;219.9;0
Jardineira Ana Elisa;Verde;M;219.9;0
Jardineira Ana Elisa;Verde;G;219.9;2
Jardineira Ana Elisa;Verde;GG;219.9;5
Jardineira Ana Elisa;Terra cota;PP;219.9;1
Jardineira Ana Elisa;Terra cota;P;219.9;0
Jardineira Ana Elisa;Terra cota;M;219.9;0
Jardineira Ana Elisa;Terra cota;G;219.9;0
Jardineira Ana Elisa;Terra cota;GG;219.9;2
Vestido Laura;Terra cota;PP;199.9;0
Vestido Laura;Terra cota;P;199.9;0
Vestido Laura;Terra cota;M;199.9;0
Vestido Laura;Terra cota;G;199.9;0
Vestido Laura;Terra cota;GG;199.9;0
Vestido Carolla;Lavanda;PP;179.9;0
Vestido Carolla;Preto;PP;179.9;0
Vestido Carolla;Azul;PP;179.9;1
Vestido Carolla;Verde musgo;PP;179.9;2
Vestido Carolla;Lavanda;P;179.9;1
Vestido Carolla;Preto;P;179.9;0
Vestido Carolla;Azul;P;179.9;1
Vestido Carolla;Verde musgo;P;179.9;0
Vestido Carolla;Lavanda;M;179.9;0
Vestido Carolla;Preto;M;179.9;0
Vestido Carolla;Azul;M;179.9;0
Vestido Carolla;Verde musgo;M;179.9;2
Vestido Carolla;Lavanda;G;179.9;0
Vestido Carolla;Preto;G;179.9;0
Vestido Carolla;Azul;G;179.9;0
Vestido Carolla;Verde musgo;G;179.9;0
Vestido Carolla;Lavanda;GG;179.9;0
Vestido Carolla;Preto;GG;179.9;0
Vestido Carolla;Azul;GG;179.9;1
Vestido Carolla;Verde musgo;GG;179.9;0
Conjunto Mel;Preto;PP;169.9;0
Conjunto Mel;Preto;P;169.9;0
Conjunto Mel;Preto;M;169.9;0
Conjunto Mel;Preto;G;169.9;0
Conjunto Mel;Preto;GG;169.9;0
Conjunto Mel;Caramelo;PP;169.9;0
Conjunto Mel;Caramelo;P;169.9;0
Conjunto Mel;Caramelo;M;169.9;0
Conjunto Mel;Caramelo;G;169.9;0
Conjunto Mel;Caramelo;GG;169.9;0
Conjunto Mel;Verde militar;PP;169.9;0
Conjunto Mel;Verde militar;P;169.9;0
Conjunto Mel;Verde militar;M;169.9;0
Conjunto Mel;Verde militar;G;169.9;0
Conjunto Mel;Verde militar;GG;169.9;0
Vestido Lima;Limão;PP;149.9;0
Vestido Lima;Limão;P;149.9;0
Vestido Lima;Limão;M;149.9;0
Vestido Lima;Limão;G;149.9;0
Vestido Lima;Limão;GG;149.9;0
Vestido Olívia;Preto;PP;159.9;6
Vestido Olívia;Preto;P;159.9;5
Vestido Olívia;Preto;M;159.9;5
Vestido Olívia;Preto;G;159.9;5
Vestido Olívia;Preto;GG;159.9;5
Vestido Olívia;Onça;PP;159.9;21
Vestido Olívia;Onça;P;159.9;11
Vestido Olívia;Onça;M;159.9;5
Vestido Olívia;Onça;G;159.9;0
Vestido Olívia;Onça;GG;159.9;19
CAMISA BELLA;Off;PP;139.9;6
CAMISA BELLA;Off;P;139.9;7
CAMISA BELLA;Off;M;139.9;10
CAMISA BELLA;Off;G;139.9;8
CAMISA BELLA;Off;GG;139.9;6
Vestido Laura;Verde Claro;P;199.9;0
Vestido Laura;Verde Claro;M;199.9;0
Vestido Laura;Verde Claro;G;199.9;0
Vestido Laura;Verde Claro;GG;199.9;0
Vestido Laura;Branco;PP;199.9;0
Vestido Laura;Branco;P;199.9;0
Vestido Laura;Branco;M;199.9;0
Vestido Laura;Branco;G;199.9;0
Vestido Laura;Branco;GG;199.9;0
Vestido Bic Botões;Azul bic;PP;159.9;0
Vestido Bic Botões;Azul bic;P;159.9;4
Vestido Bic Botões;Azul bic;M;159.9;16
Vestido Bic Botões;Azul bic;G;159.9;2
Vestido Bic Botões;Azul bic;GG;159.9;0
Conjunto Gabriela;Azul;P;159.9;0
Conjunto Gabriela;Azul;M;159.9;0
Conjunto Gabriela;Azul;G;159.9;0
Conjunto Gabriela;Azul;GG;159.9;0
Conjunto Gabriela;Verde;P;159.9;0
Conjunto Gabriela;Verde;M;159.9;0
Conjunto Gabriela;Verde;G;159.9;0
Conjunto Gabriela;Verde;GG;159.9;0
Vestido Botões;Verde limão;PP;159.9;0
Vestido Botões;Verde limão;P;159.9;0
Vestido Botões;Verde limão;M;159.9;0
Vestido Botões;Verde limão;G;159.9;0
Vestido Botões;Verde limão;GG;143.9;0
Vestido Fúcsia;Fúcsia;PP;159.9;0
Vestido Fúcsia;Fúcsia;P;159.9;0
Vestido Fúcsia;Fúcsia;M;159.9;0
Vestido Fúcsia;Fúcsia;G;159.9;0
Vestido Fúcsia;Fúcsia;GG;159.9;0
Vestido Helena;Sem Cor;P;149.9;0
Vestido Helena;Sem Cor;M;149.9;0
Vestido Helena;Sem Cor;G;149.9;0
Vestido Helena;Sem Cor;GG;149.9;0
Vestido Helena;Sem Cor;PP;149.9;0
Vestido Celeste;Sem Cor;PP;149.9;0
Vestido Celeste;Sem Cor;P;149.9;0
Vestido Celeste;Sem Cor;M;149.9;0
Vestido Celeste;Sem Cor;G;149.9;1
Vestido Celeste;Sem Cor;GG;149.9;6
Saia Xadrez;Preto;PP;129.9;0
Saia Xadrez;Preto;P;129.9;0
Saia Xadrez;Preto;M;129.9;1
Saia Xadrez;Preto;G;129.9;1
Saia Xadrez;Preto;GG;129.9;0
